Name,Age
Donald Smith,76
Stacey Powers,71
Mark Richards,69
Shawn Burton,72
Robert Robertson,77
Kimberly Black,72
Sarah Davenport,62
Connie Wallace,87
Charles Hopkins,86
Julia Flowers,69
Samantha Weiss,58
Kevin Lamb,59
Gilbert Ford,73
John Jacobson,65
Mr. Roger Kemp,66
Allison Powell,53
Kyle Carson,78
Leslie Johnson,70
Robert Phelps,90
Steven Rush,78
Anna Adams,61
Autumn Bernard,62
Michelle Gibson,81
Shannon Nichols,78
Dawn Rich,54
Jennifer Williams,64
Michelle Woods,70
David Fry,74
Morgan Lopez,85
Amy Bauer,57
Andrew Jones,69
Kelly Thompson,89
Joyce Lopez,84
Claudia Fowler,61
Richard Brown,64
Brett Stout,55
Eugene Jenkins,81
Barbara Barber,87
Nicole Green,53
Molly Nielsen,63
Tyler Reid,74
Nicole Goodwin,88
Christopher James,81
Jeremiah Landry,71
Jessica Stein DVM,79
Kyle Martin,60
James Byrd,83
Christopher Jones,74
Kenneth Murray,52
William Russell,84
Antonio Mccullough,61
Stacy Lucas,78
Taylor Evans,87
Jacob Neal,70
Jose Williamson,72
Charles Murray,86
Shane Martin,52
Reginald Burnett,80
Kelly Tran,89
Rebecca Larsen,67
Gabrielle Foster,60
Sarah Lewis,72
Kathryn Beck,60
James Lewis PhD,85
Kim Macias,63
Todd Wood,61
Miss Sheri Lopez,80
Patricia Fisher,89
Jorge Moore,50
Deborah Hoover,74
Melinda Johnson,82
Eugene Mills,51
Tyler Young,72
Phillip Sloan,73
Anthony Santana,80
Michael Lewis,83
Anna Gallagher,86
Tiffany Richardson,70
Julia Allen,55
Elizabeth Riley,60
Linda Harris,55
Brenda Jackson,71
David Compton,50
Rachel Sanchez,60
Erin Davidson,53
Jaime Henson,69
Cesar Howell,89
Heather Cook,79
Mary Cruz,73
Robert May,58
David Lane,79
Oscar Hughes,74
Emily Richards,50
Sarah Thomas,78
David Scott,55
Allison Rodriguez,69
Linda Ford,57
Kristen Choi,77
Patricia Mullen,61
